Title,Price,Rating,Colors,Size,Gender,Timestamp,is_discounted,category
T-Shirt 2,1634400.0,3.9,3 colors,m,women,2025-04-17T00:08:10.163762,False,top
Hoodie 3,7950080.0,4.8,3 colors,l,unisex,2025-04-17T00:08:10.163852,False,other
Pants 4,7476960.0,3.3,3 colors,xl,men,2025-04-17T00:08:10.163929,False,bottom
Outerwear 5,5145440.0,3.5,3 colors,xxl,women,2025-04-17T00:08:10.164005,False,other
Jacket 6,2453920.0,3.3,3 colors,s,unisex,2025-04-17T00:08:10.164081,False,outer
Crewneck 7,6892000.0,4.3,3 colors,m,men,2025-04-17T00:08:10.164152,False,other
T-Shirt 8,7802560.0,3.1,3 colors,l,women,2025-04-17T00:08:10.164230,False,top
Hoodie 9,3972160.0,3.2,3 colors,xl,unisex,2025-04-17T00:08:10.164302,False,other
Pants 10,3100160.0,4.2,3 colors,xxl,men,2025-04-17T00:08:10.164372,False,bottom
Jacket 12,8527840.0,3.9,3 colors,m,unisex,2025-04-17T00:08:10.164511,False,outer
Crewneck 13,5447200.0,3.2,3 colors,l,men,2025-04-17T00:08:10.164579,False,other
T-Shirt 14,3248800.0,3.8,3 colors,xl,women,2025-04-17T00:08:10.164647,False,top
Hoodie 15,2184160.0,3.6,3 colors,xxl,unisex,2025-04-17T00:08:10.164714,False,other
Outerwear 17,841600.0,3.8,3 colors,m,women,2025-04-17T00:08:10.164886,False,other
Jacket 18,5500000.0,3.8,3 colors,l,unisex,2025-04-17T00:08:10.164958,False,outer
Crewneck 19,1308960.0,3.6,3 colors,xl,men,2025-04-17T00:08:10.165029,False,other
T-Shirt 20,1325600.0,3.4,3 colors,xxl,women,2025-04-17T00:08:10.165099,False,top
Pants 22,4319680.0,4.9,3 colors,m,men,2025-04-17T00:08:12.814522,False,bottom
Outerwear 23,4655840.0,3.7,3 colors,l,women,2025-04-17T00:08:12.814598,False,other
Jacket 24,8223520.0,3.9,3 colors,xl,unisex,2025-04-17T00:08:12.814670,False,outer
Crewneck 25,8322559.999999999,3.3,3 colors,xxl,men,2025-04-17T00:08:12.814744,False,other
T-Shirt 26,7292320.0,4.6,3 colors,s,women,2025-04-17T00:08:12.814813,False,top
Hoodie 27,3551840.0,4.8,3 colors,m,unisex,2025-04-17T00:08:12.814883,False,other
Pants 28,5216160.0,4.0,3 colors,l,men,2025-04-17T00:08:12.814954,False,bottom
Outerwear 29,861600.0,3.1,3 colors,xl,women,2025-04-17T00:08:12.815024,False,other
Jacket 30,8610240.0,3.7,3 colors,xxl,unisex,2025-04-17T00:08:12.815093,False,outer
T-Shirt 32,6657920.0,3.4,3 colors,m,women,2025-04-17T00:08:12.815230,False,top
Hoodie 33,7248160.0,3.5,3 colors,l,unisex,2025-04-17T00:08:12.815299,False,other
Pants 34,8362719.999999999,3.8,3 colors,xl,men,2025-04-17T00:08:12.815367,False,bottom
Outerwear 35,1356160.0,3.8,3 colors,xxl,women,2025-04-17T00:08:12.815439,False,other
Jacket 36,7249280.0,3.7,3 colors,s,unisex,2025-04-17T00:08:12.815508,False,outer
Crewneck 37,6006080.0,4.0,3 colors,m,men,2025-04-17T00:08:12.815576,False,other
T-Shirt 38,4866080.0,3.2,3 colors,l,women,2025-04-17T00:08:12.815644,False,top
Hoodie 39,6431200.0,4.6,3 colors,xl,unisex,2025-04-17T00:08:12.815713,False,other
Pants 40,5853600.0,3.1,3 colors,xxl,men,2025-04-17T00:08:12.815792,False,bottom
Jacket 42,6744160.0,3.7,3 colors,m,unisex,2025-04-17T00:08:15.160785,False,outer
Crewneck 43,2909600.0,4.5,3 colors,l,men,2025-04-17T00:08:15.160880,False,other
T-Shirt 44,3312320.0,3.0,3 colors,xl,women,2025-04-17T00:08:15.160969,False,top
Hoodie 45,8693120.0,4.5,3 colors,xxl,unisex,2025-04-17T00:08:15.161055,False,other
Outerwear 47,6364640.0,3.2,3 colors,m,women,2025-04-17T00:08:15.161269,False,other
Jacket 48,4994720.0,3.4,3 colors,l,unisex,2025-04-17T00:08:15.161355,False,outer
Crewneck 49,1071200.0,4.0,3 colors,xl,men,2025-04-17T00:08:15.161438,False,other
T-Shirt 50,5932960.0,3.1,3 colors,xxl,women,2025-04-17T00:08:15.161522,False,top
Pants 52,1596480.0,4.0,3 colors,m,men,2025-04-17T00:08:15.161702,False,bottom
Outerwear 53,4470880.0,4.3,3 colors,l,women,2025-04-17T00:08:15.161785,False,other
Jacket 54,854560.0,4.2,3 colors,xl,unisex,2025-04-17T00:08:15.161868,False,outer
Crewneck 55,1793760.0,3.6,3 colors,xxl,men,2025-04-17T00:08:15.161958,False,other
T-Shirt 56,4643040.0,3.8,3 colors,s,women,2025-04-17T00:08:15.162042,False,top
Hoodie 57,3155360.0,4.9,3 colors,m,unisex,2025-04-17T00:08:15.162125,False,other
Pants 58,1637760.0,4.4,3 colors,l,men,2025-04-17T00:08:15.162208,False,bottom
Outerwear 59,2254240.0,4.6,3 colors,xl,women,2025-04-17T00:08:15.162295,False,other
Jacket 60,3375520.0,4.2,3 colors,xxl,unisex,2025-04-17T00:08:15.162385,False,outer
T-Shirt 62,1376480.0,3.8,3 colors,m,women,2025-04-17T00:08:17.657925,False,top
Hoodie 63,6479200.0,3.6,3 colors,l,unisex,2025-04-17T00:08:17.657962,False,other
Pants 64,7728480.0,4.0,3 colors,xl,men,2025-04-17T00:08:17.657998,False,bottom
Outerwear 65,2385920.0,4.1,3 colors,xxl,women,2025-04-17T00:08:17.658032,False,other
Jacket 66,4353120.0,3.5,3 colors,s,unisex,2025-04-17T00:08:17.658066,False,outer
Crewneck 67,8470720.0,3.5,3 colors,m,men,2025-04-17T00:08:17.658100,False,other
T-Shirt 68,8025280.0,4.0,3 colors,l,women,2025-04-17T00:08:17.658134,False,top
Hoodie 69,1027839.9999999999,3.6,3 colors,xl,unisex,2025-04-17T00:08:17.658168,False,other
Pants 70,1171360.0,4.4,3 colors,xxl,men,2025-04-17T00:08:17.658202,False,bottom
Jacket 72,3776000.0,4.4,3 colors,m,unisex,2025-04-17T00:08:17.658270,False,outer
Crewneck 73,2460320.0,3.0,3 colors,l,men,2025-04-17T00:08:17.658304,False,other
T-Shirt 74,7704800.0,3.8,3 colors,xl,women,2025-04-17T00:08:17.658337,False,top
Hoodie 75,2101760.0,4.3,3 colors,xxl,unisex,2025-04-17T00:08:17.658371,False,other
Outerwear 77,861760.0,3.7,3 colors,m,women,2025-04-17T00:08:17.658458,False,other
Jacket 78,2716480.0,4.3,3 colors,l,unisex,2025-04-17T00:08:17.658493,False,outer
Crewneck 79,3309600.0,4.6,3 colors,xl,men,2025-04-17T00:08:17.658527,False,other
T-Shirt 80,4178399.9999999995,4.5,3 colors,xxl,women,2025-04-17T00:08:17.658562,False,top
Pants 82,8315520.0,4.8,3 colors,m,men,2025-04-17T00:08:19.963537,False,bottom
Outerwear 83,3947840.0,3.7,3 colors,l,women,2025-04-17T00:08:19.963613,False,other
Jacket 84,2826080.0,4.8,3 colors,xl,unisex,2025-04-17T00:08:19.963703,False,outer
Crewneck 85,4564160.0,3.5,3 colors,xxl,men,2025-04-17T00:08:19.963793,False,other
T-Shirt 86,1670880.0,3.9,3 colors,s,women,2025-04-17T00:08:19.963864,False,top
Hoodie 87,7870240.0,4.3,3 colors,m,unisex,2025-04-17T00:08:19.963934,False,other
Pants 88,7590400.0,3.1,3 colors,l,men,2025-04-17T00:08:19.964004,False,bottom
Outerwear 89,4856320.0,3.0,3 colors,xl,women,2025-04-17T00:08:19.964072,False,other
Jacket 90,7160000.0,4.0,3 colors,xxl,unisex,2025-04-17T00:08:19.964141,False,outer
T-Shirt 92,5012320.0,3.5,3 colors,m,women,2025-04-17T00:08:19.964278,False,top
Hoodie 93,1365280.0,3.6,3 colors,l,unisex,2025-04-17T00:08:19.964347,False,other
Pants 94,1074880.0,4.3,3 colors,xl,men,2025-04-17T00:08:19.964414,False,bottom
Outerwear 95,6062240.0,3.5,3 colors,xxl,women,2025-04-17T00:08:19.964484,False,other
Jacket 96,4598240.0,4.9,3 colors,s,unisex,2025-04-17T00:08:19.964552,False,outer
Crewneck 97,6113120.0,3.9,3 colors,m,men,2025-04-17T00:08:19.964621,False,other
T-Shirt 98,8596960.0,3.1,3 colors,l,women,2025-04-17T00:08:19.964689,False,top
Hoodie 99,5028000.0,3.6,3 colors,xl,unisex,2025-04-17T00:08:19.964757,False,other
Pants 100,2217280.0,4.6,3 colors,xxl,men,2025-04-17T00:08:19.964825,False,bottom
Jacket 102,3840640.0,3.3,3 colors,m,unisex,2025-04-17T00:08:22.380125,False,outer
Crewneck 103,2331680.0,3.5,3 colors,l,men,2025-04-17T00:08:22.380159,False,other
T-Shirt 104,2374400.0,3.8,3 colors,xl,women,2025-04-17T00:08:22.380190,False,top
Hoodie 105,5019840.0,4.2,3 colors,xxl,unisex,2025-04-17T00:08:22.380221,False,other
Outerwear 107,6625120.0,4.0,3 colors,m,women,2025-04-17T00:08:22.380299,False,other
Jacket 108,5551680.0,4.8,3 colors,l,unisex,2025-04-17T00:08:22.380332,False,outer
Crewneck 109,5886880.0,3.3,3 colors,xl,men,2025-04-17T00:08:22.380409,False,other
T-Shirt 110,7197120.0,4.6,3 colors,xxl,women,2025-04-17T00:08:22.380452,False,top
Pants 112,4261920.0,3.3,3 colors,m,men,2025-04-17T00:08:22.380517,False,bottom
Outerwear 113,4472000.0,3.7,3 colors,l,women,2025-04-17T00:08:22.380548,False,other
Jacket 114,5386560.0,4.9,3 colors,xl,unisex,2025-04-17T00:08:22.380579,False,outer
Crewneck 115,1933280.0,4.5,3 colors,xxl,men,2025-04-17T00:08:22.380610,False,other
T-Shirt 116,3474560.0,3.0,3 colors,s,women,2025-04-17T00:08:22.380642,False,top
Hoodie 117,3376320.0,5.0,3 colors,m,unisex,2025-04-17T00:08:22.380672,False,other
Pants 118,5585440.0,3.2,3 colors,l,men,2025-04-17T00:08:22.380702,False,bottom
Outerwear 119,3561760.0,3.4,3 colors,xl,women,2025-04-17T00:08:22.380731,False,other
Jacket 120,7480320.0,4.0,3 colors,xxl,unisex,2025-04-17T00:08:22.380761,False,outer
T-Shirt 122,1961920.0,3.6,3 colors,m,women,2025-04-17T00:08:24.676687,False,top
Hoodie 123,4498080.0,3.8,3 colors,l,unisex,2025-04-17T00:08:24.676725,False,other
Pants 124,7023520.0,3.2,3 colors,xl,men,2025-04-17T00:08:24.676761,False,bottom
Outerwear 125,6998240.0,4.2,3 colors,xxl,women,2025-04-17T00:08:24.676797,False,other
Jacket 126,4426080.0,3.9,3 colors,s,unisex,2025-04-17T00:08:24.676831,False,outer
Crewneck 127,8311680.0,4.0,3 colors,m,men,2025-04-17T00:08:24.676866,False,other
T-Shirt 128,4466720.0,3.8,3 colors,l,women,2025-04-17T00:08:24.676900,False,top
Hoodie 129,2532480.0,4.5,3 colors,xl,unisex,2025-04-17T00:08:24.676933,False,other
Pants 130,6603520.0,4.8,3 colors,xxl,men,2025-04-17T00:08:24.676968,False,bottom
Jacket 132,6474880.0,4.2,3 colors,m,unisex,2025-04-17T00:08:24.677036,False,outer
Crewneck 133,2016320.0,4.7,3 colors,l,men,2025-04-17T00:08:24.677070,False,other
T-Shirt 134,5937440.0,3.2,3 colors,xl,women,2025-04-17T00:08:24.677109,False,top
Hoodie 135,5141440.0,4.7,3 colors,xxl,unisex,2025-04-17T00:08:24.677143,False,other
Outerwear 137,6988320.0,4.5,3 colors,m,women,2025-04-17T00:08:24.677237,False,other
Jacket 138,4635520.0,3.4,3 colors,l,unisex,2025-04-17T00:08:24.677272,False,outer
Crewneck 139,8053120.0,4.5,3 colors,xl,men,2025-04-17T00:08:24.677306,False,other
T-Shirt 140,6811040.0,3.5,3 colors,xxl,women,2025-04-17T00:08:24.677341,False,top
Pants 142,2325280.0,4.9,3 colors,m,men,2025-04-17T00:08:27.346821,False,bottom
Outerwear 143,3346560.0,4.9,3 colors,l,women,2025-04-17T00:08:27.346896,False,other
Jacket 144,5758240.0,4.3,3 colors,xl,unisex,2025-04-17T00:08:27.346968,False,outer
Crewneck 145,3472800.0,4.8,3 colors,xxl,men,2025-04-17T00:08:27.347038,False,other
T-Shirt 146,7688640.0,4.3,3 colors,s,women,2025-04-17T00:08:27.347107,False,top
Hoodie 147,3052800.0,5.0,3 colors,m,unisex,2025-04-17T00:08:27.347178,False,other
Pants 148,6033440.0,4.7,3 colors,l,men,2025-04-17T00:08:27.347246,False,bottom
Outerwear 149,3105920.0,3.2,3 colors,xl,women,2025-04-17T00:08:27.347316,False,other
Jacket 150,1500640.0,3.6,3 colors,xxl,unisex,2025-04-17T00:08:27.347384,False,outer
T-Shirt 152,6288640.0,4.2,3 colors,m,women,2025-04-17T00:08:27.347530,False,top
Hoodie 153,2660640.0,4.3,3 colors,l,unisex,2025-04-17T00:08:27.347599,False,other
Pants 154,2337440.0,3.0,3 colors,xl,men,2025-04-17T00:08:27.347668,False,bottom
Outerwear 155,3783200.0,4.1,3 colors,xxl,women,2025-04-17T00:08:27.347737,False,other
Jacket 156,6645120.0,3.6,3 colors,s,unisex,2025-04-17T00:08:27.347806,False,outer
Crewneck 157,1105760.0,4.0,3 colors,m,men,2025-04-17T00:08:27.347874,False,other
T-Shirt 158,7321120.0,4.0,3 colors,l,women,2025-04-17T00:08:27.347942,False,top
Hoodie 159,2371680.0,4.9,3 colors,xl,unisex,2025-04-17T00:08:27.348009,False,other
Pants 160,2802880.0,3.4,3 colors,xxl,men,2025-04-17T00:08:27.348080,False,bottom
Jacket 162,1543840.0,4.5,3 colors,m,unisex,2025-04-17T00:08:29.851225,False,outer
Crewneck 163,7861920.0,4.4,3 colors,l,men,2025-04-17T00:08:29.851301,False,other
T-Shirt 164,3512000.0,3.9,3 colors,xl,women,2025-04-17T00:08:29.851374,False,top
Hoodie 165,6921280.0,4.9,3 colors,xxl,unisex,2025-04-17T00:08:29.851449,False,other
Outerwear 167,3273760.0,3.1,3 colors,m,women,2025-04-17T00:08:29.851637,False,other
Jacket 168,870400.0,4.4,3 colors,l,unisex,2025-04-17T00:08:29.851708,False,outer
Crewneck 169,8032800.0,4.7,3 colors,xl,men,2025-04-17T00:08:29.851778,False,other
T-Shirt 170,6677920.0,4.5,3 colors,xxl,women,2025-04-17T00:08:29.851848,False,top
Pants 172,1566080.0,4.9,3 colors,m,men,2025-04-17T00:08:29.851993,False,bottom
Outerwear 173,7034560.0,4.6,3 colors,l,women,2025-04-17T00:08:29.852066,False,other
Jacket 174,6282240.0,3.3,3 colors,xl,unisex,2025-04-17T00:08:29.852136,False,outer
Crewneck 175,8125120.0,4.5,3 colors,xxl,men,2025-04-17T00:08:29.852205,False,other
T-Shirt 176,6104320.0,3.6,3 colors,s,women,2025-04-17T00:08:29.852273,False,top
Hoodie 177,1890400.0,4.6,3 colors,m,unisex,2025-04-17T00:08:29.852343,False,other
Pants 178,6184160.0,3.0,3 colors,l,men,2025-04-17T00:08:29.852411,False,bottom
Outerwear 179,5816640.0,3.5,3 colors,xl,women,2025-04-17T00:08:29.852480,False,other
Jacket 180,5552640.0,3.9,3 colors,xxl,unisex,2025-04-17T00:08:29.852558,False,outer
T-Shirt 182,2334880.0,3.8,3 colors,m,women,2025-04-17T00:08:32.160846,False,top
Hoodie 183,3904640.0,3.6,3 colors,l,unisex,2025-04-17T00:08:32.160920,False,other
Pants 184,7759520.0,4.5,3 colors,xl,men,2025-04-17T00:08:32.160992,False,bottom
Outerwear 185,7822880.0,3.2,3 colors,xxl,women,2025-04-17T00:08:32.161065,False,other
Jacket 186,6940480.0,4.2,3 colors,s,unisex,2025-04-17T00:08:32.161134,False,outer
Crewneck 187,6663520.0,3.8,3 colors,m,men,2025-04-17T00:08:32.161203,False,other
T-Shirt 188,3927840.0,4.4,3 colors,l,women,2025-04-17T00:08:32.161271,False,top
Hoodie 189,1946720.0,4.0,3 colors,xl,unisex,2025-04-17T00:08:32.161339,False,other
Pants 190,2220960.0,4.5,3 colors,xxl,men,2025-04-17T00:08:32.161408,False,bottom
Jacket 192,5066240.0,3.8,3 colors,m,unisex,2025-04-17T00:08:32.161543,False,outer
Crewneck 193,7355680.0,4.1,3 colors,l,men,2025-04-17T00:08:32.161611,False,other
T-Shirt 194,2818720.0,4.9,3 colors,xl,women,2025-04-17T00:08:32.161679,False,top
Hoodie 195,7208960.0,4.9,3 colors,xxl,unisex,2025-04-17T00:08:32.161754,False,other
Outerwear 197,5681600.0,4.9,3 colors,m,women,2025-04-17T00:08:32.161937,False,other
Jacket 198,5435040.0,4.5,3 colors,l,unisex,2025-04-17T00:08:32.162006,False,outer
Crewneck 199,6744320.0,3.1,3 colors,xl,men,2025-04-17T00:08:32.162074,False,other
T-Shirt 200,6289920.0,3.5,3 colors,xxl,women,2025-04-17T00:08:32.162143,False,top
Pants 202,5592480.0,3.3,3 colors,m,men,2025-04-17T00:08:34.486708,False,bottom
Outerwear 203,2144000.0,3.4,3 colors,l,women,2025-04-17T00:08:34.486783,False,other
Jacket 204,6031040.0,3.9,3 colors,xl,unisex,2025-04-17T00:08:34.486855,False,outer
Crewneck 205,6434880.0,3.2,3 colors,xxl,men,2025-04-17T00:08:34.486927,False,other
T-Shirt 206,4674720.0,4.5,3 colors,s,women,2025-04-17T00:08:34.486996,False,top
Hoodie 207,6101440.0,3.5,3 colors,m,unisex,2025-04-17T00:08:34.487066,False,other
Pants 208,4637600.0,3.1,3 colors,l,men,2025-04-17T00:08:34.487152,False,bottom
Outerwear 209,7980640.0,4.3,3 colors,xl,women,2025-04-17T00:08:34.487221,False,other
Jacket 210,7827360.0,4.7,3 colors,xxl,unisex,2025-04-17T00:08:34.487290,False,outer
T-Shirt 212,8794880.0,4.7,3 colors,m,women,2025-04-17T00:08:34.487427,False,top
Hoodie 213,5748000.0,3.6,3 colors,l,unisex,2025-04-17T00:08:34.487496,False,other
Pants 214,4315680.0,4.9,3 colors,xl,men,2025-04-17T00:08:34.487566,False,bottom
Outerwear 215,1449600.0,3.8,3 colors,xxl,women,2025-04-17T00:08:34.487647,False,other
Jacket 216,4576480.0,4.6,3 colors,s,unisex,2025-04-17T00:08:34.487722,False,outer
Crewneck 217,5772960.0,4.8,3 colors,m,men,2025-04-17T00:08:34.487802,False,other
T-Shirt 218,5600320.0,3.1,3 colors,l,women,2025-04-17T00:08:34.487870,False,top
Hoodie 219,5671040.0,4.6,3 colors,xl,unisex,2025-04-17T00:08:34.487938,False,other
Pants 220,3357600.0,3.2,3 colors,xxl,men,2025-04-17T00:08:34.488005,False,bottom
Jacket 222,7438080.0,3.4,3 colors,m,unisex,2025-04-17T00:08:37.154256,False,outer
Crewneck 223,952960.0,4.8,3 colors,l,men,2025-04-17T00:08:37.154346,False,other
T-Shirt 224,3534560.0,4.5,3 colors,xl,women,2025-04-17T00:08:37.154424,False,top
Hoodie 225,5232800.0,3.5,3 colors,xxl,unisex,2025-04-17T00:08:37.154500,False,other
Outerwear 227,6742560.0,4.8,3 colors,m,women,2025-04-17T00:08:37.154683,False,other
Jacket 228,8076800.0,4.5,3 colors,l,unisex,2025-04-17T00:08:37.154754,False,outer
Crewneck 229,3101920.0,4.9,3 colors,xl,men,2025-04-17T00:08:37.154823,False,other
T-Shirt 230,7133280.0,4.5,3 colors,xxl,women,2025-04-17T00:08:37.154891,False,top
Pants 232,8327360.000000001,4.0,3 colors,m,men,2025-04-17T00:08:37.155028,False,bottom
Outerwear 233,847360.0,4.8,3 colors,l,women,2025-04-17T00:08:37.155097,False,other
Jacket 234,1159200.0,4.5,3 colors,xl,unisex,2025-04-17T00:08:37.155164,False,outer
Crewneck 235,6560320.0,3.4,3 colors,xxl,men,2025-04-17T00:08:37.155232,False,other
T-Shirt 236,5492320.0,3.9,3 colors,s,women,2025-04-17T00:08:37.155300,False,top
Hoodie 237,4743520.0,3.1,3 colors,m,unisex,2025-04-17T00:08:37.155375,False,other
Pants 238,8301920.0,3.8,3 colors,l,men,2025-04-17T00:08:37.155442,False,bottom
Outerwear 239,7934080.0,3.1,3 colors,xl,women,2025-04-17T00:08:37.155510,False,other
Jacket 240,7600000.0,3.8,3 colors,xxl,unisex,2025-04-17T00:08:37.155585,False,outer
T-Shirt 242,4833600.0,3.4,3 colors,m,women,2025-04-17T00:08:39.860159,False,top
Hoodie 243,3371680.0,3.1,3 colors,l,unisex,2025-04-17T00:08:39.860251,False,other
Pants 244,8116160.0,3.1,3 colors,xl,men,2025-04-17T00:08:39.860340,False,bottom
Outerwear 245,1451680.0,4.0,3 colors,xxl,women,2025-04-17T00:08:39.860414,False,other
Jacket 246,8735040.0,3.1,3 colors,s,unisex,2025-04-17T00:08:39.860491,False,outer
Crewneck 247,8769120.0,3.0,3 colors,m,men,2025-04-17T00:08:39.860560,False,other
T-Shirt 248,2280000.0,4.5,3 colors,l,women,2025-04-17T00:08:39.860629,False,top
Hoodie 249,2149440.0,4.2,3 colors,xl,unisex,2025-04-17T00:08:39.860716,False,other
Pants 250,4314240.0,3.1,3 colors,xxl,men,2025-04-17T00:08:39.860785,False,bottom
Jacket 252,8408480.0,3.2,3 colors,m,unisex,2025-04-17T00:08:39.860926,False,outer
Crewneck 253,1854720.0,3.9,3 colors,l,men,2025-04-17T00:08:39.860994,False,other
T-Shirt 254,5984160.0,3.9,3 colors,xl,women,2025-04-17T00:08:39.861063,False,top
Hoodie 255,3668000.0,4.1,3 colors,xxl,unisex,2025-04-17T00:08:39.861131,False,other
Outerwear 257,7073120.0,5.0,3 colors,m,women,2025-04-17T00:08:39.861304,False,other
Jacket 258,2080639.9999999998,4.7,3 colors,l,unisex,2025-04-17T00:08:39.861375,False,outer
Crewneck 259,2275520.0,3.3,3 colors,xl,men,2025-04-17T00:08:39.861444,False,other
T-Shirt 260,6271520.0,3.5,3 colors,xxl,women,2025-04-17T00:08:39.861512,False,top
Pants 262,1097760.0,3.4,3 colors,m,men,2025-04-17T00:08:42.217554,False,bottom
Outerwear 263,1878400.0,4.2,3 colors,l,women,2025-04-17T00:08:42.217645,False,other
Jacket 264,2063040.0,4.8,3 colors,xl,unisex,2025-04-17T00:08:42.217734,False,outer
Crewneck 265,2483040.0,3.5,3 colors,xxl,men,2025-04-17T00:08:42.217819,False,other
T-Shirt 266,4842080.0,4.6,3 colors,s,women,2025-04-17T00:08:42.217902,False,top
Hoodie 267,4086240.0,4.3,3 colors,m,unisex,2025-04-17T00:08:42.217987,False,other
Pants 268,5005120.0,3.6,3 colors,l,men,2025-04-17T00:08:42.218070,False,bottom
Outerwear 269,8073920.0,3.1,3 colors,xl,women,2025-04-17T00:08:42.218154,False,other
Jacket 270,2569120.0,4.2,3 colors,xxl,unisex,2025-04-17T00:08:42.218238,False,outer
T-Shirt 272,5811840.0,3.3,3 colors,m,women,2025-04-17T00:08:42.218385,False,top
Hoodie 273,5291360.0,4.9,3 colors,l,unisex,2025-04-17T00:08:42.218453,False,other
Pants 274,3669280.0,4.2,3 colors,xl,men,2025-04-17T00:08:42.218522,False,bottom
Outerwear 275,5575360.0,4.8,3 colors,xxl,women,2025-04-17T00:08:42.218590,False,other
Jacket 276,1013600.0,4.3,3 colors,s,unisex,2025-04-17T00:08:42.218665,False,outer
Crewneck 277,2383680.0,4.7,3 colors,m,men,2025-04-17T00:08:42.218733,False,other
T-Shirt 278,2087360.0000000002,3.8,3 colors,l,women,2025-04-17T00:08:42.218802,False,top
Hoodie 279,5592320.0,4.7,3 colors,xl,unisex,2025-04-17T00:08:42.218872,False,other
Pants 280,7501440.0,3.9,3 colors,xxl,men,2025-04-17T00:08:42.218941,False,bottom
Jacket 282,2227040.0,3.0,3 colors,m,unisex,2025-04-17T00:08:44.922839,False,outer
Crewneck 283,6633120.0,3.2,3 colors,l,men,2025-04-17T00:08:44.922931,False,other
T-Shirt 284,6568000.0,3.6,3 colors,xl,women,2025-04-17T00:08:44.923019,False,top
Hoodie 285,3009120.0,3.2,3 colors,xxl,unisex,2025-04-17T00:08:44.923104,False,other
Outerwear 287,5273600.0,3.7,3 colors,m,women,2025-04-17T00:08:44.923301,False,other
Jacket 288,3123040.0,4.1,3 colors,l,unisex,2025-04-17T00:08:44.923378,False,outer
Crewneck 289,888000.0,4.0,3 colors,xl,men,2025-04-17T00:08:44.923449,False,other
T-Shirt 290,6425120.0,4.2,3 colors,xxl,women,2025-04-17T00:08:44.923520,False,top
Pants 292,2384480.0,3.9,3 colors,m,men,2025-04-17T00:08:44.923664,False,bottom
Outerwear 293,1176160.0,4.5,3 colors,l,women,2025-04-17T00:08:44.923733,False,other
Jacket 294,5947200.0,3.8,3 colors,xl,unisex,2025-04-17T00:08:44.923802,False,outer
Crewneck 295,7266720.0,4.9,3 colors,xxl,men,2025-04-17T00:08:44.923871,False,other
T-Shirt 296,1172160.0,3.1,3 colors,s,women,2025-04-17T00:08:44.923940,False,top
Hoodie 297,7801120.0,3.6,3 colors,m,unisex,2025-04-17T00:08:44.924009,False,other
Pants 298,2426080.0,4.8,3 colors,l,men,2025-04-17T00:08:44.924078,False,bottom
Outerwear 299,1947840.0,4.3,3 colors,xl,women,2025-04-17T00:08:44.924147,False,other
Jacket 300,6408480.0,4.0,3 colors,xxl,unisex,2025-04-17T00:08:44.924215,False,outer
T-Shirt 302,5711200.0,3.2,3 colors,m,women,2025-04-17T00:08:47.381892,False,top
Hoodie 303,7974560.0,4.1,3 colors,l,unisex,2025-04-17T00:08:47.381967,False,other
Pants 304,7129760.0,3.4,3 colors,xl,men,2025-04-17T00:08:47.382038,False,bottom
Outerwear 305,6325440.0,4.5,3 colors,xxl,women,2025-04-17T00:08:47.382109,False,other
Jacket 306,7575040.0,4.2,3 colors,s,unisex,2025-04-17T00:08:47.382179,False,outer
Crewneck 307,7735200.0,3.7,3 colors,m,men,2025-04-17T00:08:47.382248,False,other
T-Shirt 308,4086080.0,4.1,3 colors,l,women,2025-04-17T00:08:47.382318,False,top
Hoodie 309,3953120.0,4.8,3 colors,xl,unisex,2025-04-17T00:08:47.382386,False,other
Pants 310,6329280.0,4.7,3 colors,xxl,men,2025-04-17T00:08:47.382454,False,bottom
Jacket 312,7267040.0,3.8,3 colors,m,unisex,2025-04-17T00:08:47.382591,False,outer
Crewneck 313,1948320.0,3.1,3 colors,l,men,2025-04-17T00:08:47.382659,False,other
T-Shirt 314,6017120.0,3.2,3 colors,xl,women,2025-04-17T00:08:47.382727,False,top
Hoodie 315,7022880.0,3.1,3 colors,xxl,unisex,2025-04-17T00:08:47.382795,False,other
Outerwear 317,5259040.0,3.3,3 colors,m,women,2025-04-17T00:08:47.382969,False,other
Jacket 318,5667200.0,3.7,3 colors,l,unisex,2025-04-17T00:08:47.383038,False,outer
Crewneck 319,3085920.0,3.3,3 colors,xl,men,2025-04-17T00:08:47.383106,False,other
T-Shirt 320,829440.0,3.3,3 colors,xxl,women,2025-04-17T00:08:47.383174,False,top
Pants 322,7810400.0,3.2,3 colors,m,men,2025-04-17T00:08:49.678871,False,bottom
Outerwear 323,8468000.0,3.1,3 colors,l,women,2025-04-17T00:08:49.678945,False,other
Jacket 324,6082720.0,3.3,3 colors,xl,unisex,2025-04-17T00:08:49.679017,False,outer
Crewneck 325,3001760.0,3.4,3 colors,xxl,men,2025-04-17T00:08:49.679087,False,other
T-Shirt 326,4519360.0,4.9,3 colors,s,women,2025-04-17T00:08:49.679156,False,top
Hoodie 327,6641440.0,4.4,3 colors,m,unisex,2025-04-17T00:08:49.679225,False,other
Pants 328,5732960.0,4.5,3 colors,l,men,2025-04-17T00:08:49.679294,False,bottom
Outerwear 329,6724160.0,4.7,3 colors,xl,women,2025-04-17T00:08:49.679362,False,other
Jacket 330,1591200.0,4.3,3 colors,xxl,unisex,2025-04-17T00:08:49.679436,False,outer
T-Shirt 332,2335680.0,3.4,3 colors,m,women,2025-04-17T00:08:49.679573,False,top
Hoodie 333,1746080.0,4.8,3 colors,l,unisex,2025-04-17T00:08:49.679643,False,other
Pants 334,2409440.0,3.8,3 colors,xl,men,2025-04-17T00:08:49.679711,False,bottom
Outerwear 335,2826720.0,3.0,3 colors,xxl,women,2025-04-17T00:08:49.679780,False,other
Jacket 336,6237760.0,5.0,3 colors,s,unisex,2025-04-17T00:08:49.679848,False,outer
Crewneck 337,8608800.0,4.3,3 colors,m,men,2025-04-17T00:08:49.679916,False,other
T-Shirt 338,2883360.0,3.9,3 colors,l,women,2025-04-17T00:08:49.679984,False,top
Hoodie 339,4424800.0,4.9,3 colors,xl,unisex,2025-04-17T00:08:49.680055,False,other
Pants 340,5975200.0,4.3,3 colors,xxl,men,2025-04-17T00:08:49.680129,False,bottom
Jacket 342,1827680.0,4.8,3 colors,m,unisex,2025-04-17T00:08:51.976675,False,outer
Crewneck 343,2279040.0,4.1,3 colors,l,men,2025-04-17T00:08:51.976750,False,other
T-Shirt 344,3415680.0,4.5,3 colors,xl,women,2025-04-17T00:08:51.976822,False,top
Hoodie 345,7577440.0,3.3,3 colors,xxl,unisex,2025-04-17T00:08:51.976899,False,other
Outerwear 347,6986080.0,4.7,3 colors,m,women,2025-04-17T00:08:51.977080,False,other
Jacket 348,3195040.0,4.6,3 colors,l,unisex,2025-04-17T00:08:51.977150,False,outer
Crewneck 349,6085600.0,3.5,3 colors,xl,men,2025-04-17T00:08:51.977219,False,other
T-Shirt 350,8047680.0,5.0,3 colors,xxl,women,2025-04-17T00:08:51.977288,False,top
Pants 352,2838880.0,4.0,3 colors,m,men,2025-04-17T00:08:51.977425,False,bottom
Outerwear 353,961600.0,3.6,3 colors,l,women,2025-04-17T00:08:51.977493,False,other
Jacket 354,2294720.0,3.8,3 colors,xl,unisex,2025-04-17T00:08:51.977561,False,outer
Crewneck 355,4246560.0,3.2,3 colors,xxl,men,2025-04-17T00:08:51.977629,False,other
T-Shirt 356,7150080.0,4.3,3 colors,s,women,2025-04-17T00:08:51.977696,False,top
Hoodie 357,3739360.0,3.6,3 colors,m,unisex,2025-04-17T00:08:51.977765,False,other
Pants 358,8479520.0,3.9,3 colors,l,men,2025-04-17T00:08:51.977833,False,bottom
Outerwear 359,1696480.0,4.3,3 colors,xl,women,2025-04-17T00:08:51.977905,False,other
Jacket 360,8788320.0,4.8,3 colors,xxl,unisex,2025-04-17T00:08:51.977974,False,outer
T-Shirt 362,4776800.0,5.0,3 colors,m,women,2025-04-17T00:08:54.338942,False,top
Hoodie 363,1171360.0,3.2,3 colors,l,unisex,2025-04-17T00:08:54.339034,False,other
Pants 364,4972800.0,4.8,3 colors,xl,men,2025-04-17T00:08:54.339122,False,bottom
Outerwear 365,6956480.0,4.5,3 colors,xxl,women,2025-04-17T00:08:54.339207,False,other
Jacket 366,5854880.0,4.9,3 colors,s,unisex,2025-04-17T00:08:54.339293,False,outer
Crewneck 367,8359360.000000001,4.9,3 colors,m,men,2025-04-17T00:08:54.339377,False,other
T-Shirt 368,965120.0,3.2,3 colors,l,women,2025-04-17T00:08:54.339460,False,top
Hoodie 369,7204960.0,4.7,3 colors,xl,unisex,2025-04-17T00:08:54.339543,False,other
Pants 370,4559680.0,3.6,3 colors,xxl,men,2025-04-17T00:08:54.339626,False,bottom
Jacket 372,5052960.0,3.6,3 colors,m,unisex,2025-04-17T00:08:54.339770,False,outer
Crewneck 373,2231040.0,3.6,3 colors,l,men,2025-04-17T00:08:54.339839,False,other
T-Shirt 374,7697120.0,3.9,3 colors,xl,women,2025-04-17T00:08:54.339926,False,top
Hoodie 375,7027520.0,3.9,3 colors,xxl,unisex,2025-04-17T00:08:54.340001,False,other
Outerwear 377,6802080.0,4.8,3 colors,m,women,2025-04-17T00:08:54.340175,False,other
Jacket 378,3402400.0,3.6,3 colors,l,unisex,2025-04-17T00:08:54.340246,False,outer
Crewneck 379,3963200.0,4.4,3 colors,xl,men,2025-04-17T00:08:54.340315,False,other
T-Shirt 380,2547040.0,3.8,3 colors,xxl,women,2025-04-17T00:08:54.340384,False,top
Pants 382,1356160.0,4.4,3 colors,m,men,2025-04-17T00:08:56.635448,False,bottom
Outerwear 383,3431040.0,3.4,3 colors,l,women,2025-04-17T00:08:56.635485,False,other
Jacket 384,1452960.0,3.3,3 colors,xl,unisex,2025-04-17T00:08:56.635521,False,outer
Crewneck 385,7950720.0,4.9,3 colors,xxl,men,2025-04-17T00:08:56.635569,False,other
T-Shirt 386,4793600.0,4.6,3 colors,s,women,2025-04-17T00:08:56.635604,False,top
Hoodie 387,8418080.0,4.2,3 colors,m,unisex,2025-04-17T00:08:56.635639,False,other
Pants 388,931200.0,3.1,3 colors,l,men,2025-04-17T00:08:56.635673,False,bottom
Outerwear 389,2883200.0,5.0,3 colors,xl,women,2025-04-17T00:08:56.635707,False,other
Jacket 390,5432960.0,3.3,3 colors,xxl,unisex,2025-04-17T00:08:56.635743,False,outer
T-Shirt 392,1226080.0,4.4,3 colors,m,women,2025-04-17T00:08:56.635812,False,top
Hoodie 393,4068480.0,3.2,3 colors,l,unisex,2025-04-17T00:08:56.635847,False,other
Pants 394,3540000.0,3.3,3 colors,xl,men,2025-04-17T00:08:56.635881,False,bottom
Outerwear 395,3098720.0,4.0,3 colors,xxl,women,2025-04-17T00:08:56.635915,False,other
Jacket 396,2505280.0,3.9,3 colors,s,unisex,2025-04-17T00:08:56.635949,False,outer
Crewneck 397,855360.0,3.6,3 colors,m,men,2025-04-17T00:08:56.635983,False,other
T-Shirt 398,4592800.0,4.7,3 colors,l,women,2025-04-17T00:08:56.636016,False,top
Hoodie 399,2523520.0,3.6,3 colors,xl,unisex,2025-04-17T00:08:56.636051,False,other
Pants 400,6020640.0,4.7,3 colors,xxl,men,2025-04-17T00:08:56.636085,False,bottom
Jacket 402,2029120.0,4.6,3 colors,m,unisex,2025-04-17T00:08:58.939050,False,outer
Crewneck 403,1580320.0,4.1,3 colors,l,men,2025-04-17T00:08:58.939124,False,other
T-Shirt 404,3501120.0,4.9,3 colors,xl,women,2025-04-17T00:08:58.939196,False,top
Hoodie 405,5080160.0,3.8,3 colors,xxl,unisex,2025-04-17T00:08:58.939266,False,other
Outerwear 407,2761280.0,3.7,3 colors,m,women,2025-04-17T00:08:58.939444,False,other
Jacket 408,4176000.0,4.9,3 colors,l,unisex,2025-04-17T00:08:58.939517,False,outer
Crewneck 409,3221760.0,3.5,3 colors,xl,men,2025-04-17T00:08:58.939585,False,other
T-Shirt 410,1586720.0,3.1,3 colors,xxl,women,2025-04-17T00:08:58.939653,False,top
Pants 412,5438240.0,4.4,3 colors,m,men,2025-04-17T00:08:58.939789,False,bottom
Outerwear 413,1306400.0,3.4,3 colors,l,women,2025-04-17T00:08:58.939857,False,other
Jacket 414,2234720.0,3.7,3 colors,xl,unisex,2025-04-17T00:08:58.939926,False,outer
Crewneck 415,3617440.0,3.1,3 colors,xxl,men,2025-04-17T00:08:58.939993,False,other
T-Shirt 416,4454080.0,3.1,3 colors,s,women,2025-04-17T00:08:58.940072,False,top
Hoodie 417,2769440.0,4.6,3 colors,m,unisex,2025-04-17T00:08:58.940139,False,other
Pants 418,6307840.0,5.0,3 colors,l,men,2025-04-17T00:08:58.940208,False,bottom
Outerwear 419,7004000.0,5.0,3 colors,xl,women,2025-04-17T00:08:58.940277,False,other
Jacket 420,2472640.0,3.1,3 colors,xxl,unisex,2025-04-17T00:08:58.940347,False,outer
T-Shirt 422,924320.0,3.9,3 colors,m,women,2025-04-17T00:09:01.252885,False,top
Hoodie 423,4601760.0,3.7,3 colors,l,unisex,2025-04-17T00:09:01.252960,False,other
Pants 424,3865760.0,4.4,3 colors,xl,men,2025-04-17T00:09:01.253031,False,bottom
Outerwear 425,2528480.0,4.8,3 colors,xxl,women,2025-04-17T00:09:01.253102,False,other
Jacket 426,3462400.0,3.4,3 colors,s,unisex,2025-04-17T00:09:01.253171,False,outer
Crewneck 427,6375200.0,3.3,3 colors,m,men,2025-04-17T00:09:01.253252,False,other
T-Shirt 428,7053120.0,4.9,3 colors,l,women,2025-04-17T00:09:01.253321,False,top
Hoodie 429,1658560.0,4.9,3 colors,xl,unisex,2025-04-17T00:09:01.253389,False,other
Pants 430,1442080.0,3.9,3 colors,xxl,men,2025-04-17T00:09:01.253458,False,bottom
Jacket 432,2151840.0,4.5,3 colors,m,unisex,2025-04-17T00:09:01.253596,False,outer
Crewneck 433,3872480.0,4.2,3 colors,l,men,2025-04-17T00:09:01.253665,False,other
T-Shirt 434,6557120.0,4.9,3 colors,xl,women,2025-04-17T00:09:01.253734,False,top
Hoodie 435,1015680.0,4.0,3 colors,xxl,unisex,2025-04-17T00:09:01.253802,False,other
Outerwear 437,1016800.0,3.9,3 colors,m,women,2025-04-17T00:09:01.253984,False,other
Jacket 438,2453120.0,4.5,3 colors,l,unisex,2025-04-17T00:09:01.254054,False,outer
Crewneck 439,4005440.0,3.2,3 colors,xl,men,2025-04-17T00:09:01.254123,False,other
T-Shirt 440,5326080.0,3.0,3 colors,xxl,women,2025-04-17T00:09:01.254191,False,top
Pants 442,4701600.0,4.3,3 colors,m,men,2025-04-17T00:09:03.556503,False,bottom
Outerwear 443,7262720.0,4.2,3 colors,l,women,2025-04-17T00:09:03.556603,False,other
Jacket 444,4016960.0,3.3,3 colors,xl,unisex,2025-04-17T00:09:03.556690,False,outer
Crewneck 445,3574240.0,4.5,3 colors,xxl,men,2025-04-17T00:09:03.556784,False,other
T-Shirt 446,7740160.0,3.2,3 colors,s,women,2025-04-17T00:09:03.556876,False,top
Hoodie 447,4748640.0,4.0,3 colors,m,unisex,2025-04-17T00:09:03.556980,False,other
Pants 448,820160.0,4.4,3 colors,l,men,2025-04-17T00:09:03.557069,False,bottom
Outerwear 449,6410080.0,4.0,3 colors,xl,women,2025-04-17T00:09:03.557163,False,other
Jacket 450,8754880.0,3.1,3 colors,xxl,unisex,2025-04-17T00:09:03.557246,False,outer
T-Shirt 452,6892800.0,4.4,3 colors,m,women,2025-04-17T00:09:03.557422,False,top
Hoodie 453,6576960.0,4.2,3 colors,l,unisex,2025-04-17T00:09:03.557523,False,other
Pants 454,2179520.0,5.0,3 colors,xl,men,2025-04-17T00:09:03.557605,False,bottom
Outerwear 455,1094080.0,4.8,3 colors,xxl,women,2025-04-17T00:09:03.557688,False,other
Jacket 456,8096000.0,4.1,3 colors,s,unisex,2025-04-17T00:09:03.557778,False,outer
Crewneck 457,7342880.0,4.8,3 colors,m,men,2025-04-17T00:09:03.557859,False,other
T-Shirt 458,4240000.0,4.4,3 colors,l,women,2025-04-17T00:09:03.557929,False,top
Hoodie 459,3237280.0,3.5,3 colors,xl,unisex,2025-04-17T00:09:03.557998,False,other
Pants 460,1880800.0,3.6,3 colors,xxl,men,2025-04-17T00:09:03.558066,False,bottom
Jacket 462,6767840.0,4.5,3 colors,m,unisex,2025-04-17T00:09:06.251676,False,outer
Crewneck 463,7539520.0,4.5,3 colors,l,men,2025-04-17T00:09:06.251766,False,other
T-Shirt 464,6070080.0,4.5,3 colors,xl,women,2025-04-17T00:09:06.251852,False,top
Hoodie 465,6164320.0,4.7,3 colors,xxl,unisex,2025-04-17T00:09:06.251936,False,other
Outerwear 467,1325920.0,3.5,3 colors,m,women,2025-04-17T00:09:06.252167,False,other
Jacket 468,4584960.0,3.7,3 colors,l,unisex,2025-04-17T00:09:06.252252,False,outer
Crewneck 469,1738880.0,4.2,3 colors,xl,men,2025-04-17T00:09:06.252335,False,other
T-Shirt 470,7738880.0,3.1,3 colors,xxl,women,2025-04-17T00:09:06.252418,False,top
Pants 472,3902080.0,3.1,3 colors,m,men,2025-04-17T00:09:06.252577,False,bottom
Outerwear 473,5478080.0,4.2,3 colors,l,women,2025-04-17T00:09:06.252645,False,other
Jacket 474,5864960.0,4.7,3 colors,xl,unisex,2025-04-17T00:09:06.252722,False,outer
Crewneck 475,7017280.0,4.6,3 colors,xxl,men,2025-04-17T00:09:06.252791,False,other
T-Shirt 476,3986240.0,4.3,3 colors,s,women,2025-04-17T00:09:06.252859,False,top
Hoodie 477,6626080.0,4.2,3 colors,m,unisex,2025-04-17T00:09:06.252927,False,other
Pants 478,4912000.0,3.8,3 colors,l,men,2025-04-17T00:09:06.252994,False,bottom
Outerwear 479,7302400.0,4.4,3 colors,xl,women,2025-04-17T00:09:06.253063,False,other
Jacket 480,4986240.0,4.2,3 colors,xxl,unisex,2025-04-17T00:09:06.253131,False,outer
T-Shirt 482,3352480.0,4.8,3 colors,m,women,2025-04-17T00:09:08.771550,False,top
Hoodie 483,4035040.0,4.2,3 colors,l,unisex,2025-04-17T00:09:08.771654,False,other
Pants 484,6428640.0,4.1,3 colors,xl,men,2025-04-17T00:09:08.771740,False,bottom
Outerwear 485,4044480.0,4.7,3 colors,xxl,women,2025-04-17T00:09:08.771810,False,other
Jacket 486,2573760.0,3.0,3 colors,s,unisex,2025-04-17T00:09:08.771880,False,outer
Crewneck 487,6955520.0,3.7,3 colors,m,men,2025-04-17T00:09:08.771949,False,other
T-Shirt 488,8789760.0,3.8,3 colors,l,women,2025-04-17T00:09:08.772018,False,top
Hoodie 489,3554560.0,5.0,3 colors,xl,unisex,2025-04-17T00:09:08.772086,False,other
Pants 490,7081600.0,3.1,3 colors,xxl,men,2025-04-17T00:09:08.772155,False,bottom
Jacket 492,6011840.0,3.0,3 colors,m,unisex,2025-04-17T00:09:08.772296,False,outer
Crewneck 493,5071520.0,4.8,3 colors,l,men,2025-04-17T00:09:08.772364,False,other
T-Shirt 494,1390080.0,3.4,3 colors,xl,women,2025-04-17T00:09:08.772432,False,top
Hoodie 495,1663200.0,4.5,3 colors,xxl,unisex,2025-04-17T00:09:08.772513,False,other
Outerwear 497,3957760.0,4.4,3 colors,m,women,2025-04-17T00:09:08.772690,False,other
Jacket 498,4412800.0,4.6,3 colors,l,unisex,2025-04-17T00:09:08.772760,False,outer
Crewneck 499,7825920.0,4.1,3 colors,xl,men,2025-04-17T00:09:08.772830,False,other
T-Shirt 500,8114400.0,4.2,3 colors,xxl,women,2025-04-17T00:09:08.772898,False,top
Pants 502,7132480.0,4.4,3 colors,m,men,2025-04-17T00:09:11.445791,False,bottom
Outerwear 503,4924480.0,4.8,3 colors,l,women,2025-04-17T00:09:11.445868,False,other
Jacket 504,8024480.0,5.0,3 colors,xl,unisex,2025-04-17T00:09:11.445943,False,outer
Crewneck 505,8747680.0,4.3,3 colors,xxl,men,2025-04-17T00:09:11.446014,False,other
T-Shirt 506,8572000.0,3.6,3 colors,s,women,2025-04-17T00:09:11.446084,False,top
Hoodie 507,6844000.0,4.7,3 colors,m,unisex,2025-04-17T00:09:11.446154,False,other
Pants 508,7766080.0,3.5,3 colors,l,men,2025-04-17T00:09:11.446240,False,bottom
Outerwear 509,7178400.0,3.1,3 colors,xl,women,2025-04-17T00:09:11.446322,False,other
Jacket 510,1562080.0,3.4,3 colors,xxl,unisex,2025-04-17T00:09:11.446392,False,outer
T-Shirt 512,4319680.0,3.7,3 colors,m,women,2025-04-17T00:09:11.446532,False,top
Hoodie 513,1693760.0,4.4,3 colors,l,unisex,2025-04-17T00:09:11.446600,False,other
Pants 514,6888960.0,3.9,3 colors,xl,men,2025-04-17T00:09:11.446668,False,bottom
Outerwear 515,7262560.0,3.1,3 colors,xxl,women,2025-04-17T00:09:11.446740,False,other
Jacket 516,7130720.0,3.4,3 colors,s,unisex,2025-04-17T00:09:11.446810,False,outer
Crewneck 517,1069280.0,3.5,3 colors,m,men,2025-04-17T00:09:11.446879,False,other
T-Shirt 518,2575680.0,4.1,3 colors,l,women,2025-04-17T00:09:11.446947,False,top
Hoodie 519,2236160.0,4.5,3 colors,xl,unisex,2025-04-17T00:09:11.447017,False,other
Pants 520,2308320.0,3.8,3 colors,xxl,men,2025-04-17T00:09:11.447087,False,bottom
Jacket 522,6292960.0,4.0,3 colors,m,unisex,2025-04-17T00:09:13.900303,False,outer
Crewneck 523,3626720.0,4.6,3 colors,l,men,2025-04-17T00:09:13.900393,False,other
T-Shirt 524,936000.0,3.8,3 colors,xl,women,2025-04-17T00:09:13.900467,False,top
Hoodie 525,7919040.0,3.6,3 colors,xxl,unisex,2025-04-17T00:09:13.900537,False,other
Outerwear 527,4669280.0,3.6,3 colors,m,women,2025-04-17T00:09:13.900718,False,other
Jacket 528,5595840.0,4.0,3 colors,l,unisex,2025-04-17T00:09:13.900788,False,outer
Crewneck 529,1420160.0,3.2,3 colors,xl,men,2025-04-17T00:09:13.900856,False,other
T-Shirt 530,6173760.0,3.3,3 colors,xxl,women,2025-04-17T00:09:13.900924,False,top
Pants 532,8391200.0,4.1,3 colors,m,men,2025-04-17T00:09:13.901062,False,bottom
Outerwear 533,3370240.0,4.2,3 colors,l,women,2025-04-17T00:09:13.901131,False,other
Jacket 534,3479200.0,3.7,3 colors,xl,unisex,2025-04-17T00:09:13.901199,False,outer
Crewneck 535,3901280.0,3.7,3 colors,xxl,men,2025-04-17T00:09:13.901269,False,other
T-Shirt 536,5092480.0,3.0,3 colors,s,women,2025-04-17T00:09:13.901346,False,top
Hoodie 537,8671840.0,3.1,3 colors,m,unisex,2025-04-17T00:09:13.901416,False,other
Pants 538,6134240.0,3.4,3 colors,l,men,2025-04-17T00:09:13.901485,False,bottom
Outerwear 539,4692640.0,4.7,3 colors,xl,women,2025-04-17T00:09:13.901553,False,other
Jacket 540,7051840.0,4.4,3 colors,xxl,unisex,2025-04-17T00:09:13.901622,False,outer
T-Shirt 542,4761440.0,3.5,3 colors,m,women,2025-04-17T00:09:16.663546,False,top
Hoodie 543,8715680.0,4.7,3 colors,l,unisex,2025-04-17T00:09:16.663637,False,other
Pants 544,5957760.0,3.1,3 colors,xl,men,2025-04-17T00:09:16.663724,False,bottom
Outerwear 545,3579360.0,4.0,3 colors,xxl,women,2025-04-17T00:09:16.663808,False,other
Jacket 546,6271520.0,3.3,3 colors,s,unisex,2025-04-17T00:09:16.663892,False,outer
Crewneck 547,5361120.0,3.9,3 colors,m,men,2025-04-17T00:09:16.663976,False,other
T-Shirt 548,2686240.0,4.6,3 colors,l,women,2025-04-17T00:09:16.664059,False,top
Hoodie 549,2687200.0,3.7,3 colors,xl,unisex,2025-04-17T00:09:16.664142,False,other
Pants 550,4450080.0,4.9,3 colors,xxl,men,2025-04-17T00:09:16.664215,False,bottom
Jacket 552,5380320.0,4.1,3 colors,m,unisex,2025-04-17T00:09:16.664356,False,outer
Crewneck 553,7760800.0,3.8,3 colors,l,men,2025-04-17T00:09:16.664424,False,other
T-Shirt 554,4001120.0,4.5,3 colors,xl,women,2025-04-17T00:09:16.664493,False,top
Hoodie 555,1809600.0,3.0,3 colors,xxl,unisex,2025-04-17T00:09:16.664566,False,other
Outerwear 557,5460480.0,3.4,3 colors,m,women,2025-04-17T00:09:16.664742,False,other
Jacket 558,5007040.0,4.0,3 colors,l,unisex,2025-04-17T00:09:16.664813,False,outer
Crewneck 559,1590880.0,3.5,3 colors,xl,men,2025-04-17T00:09:16.664882,False,other
T-Shirt 560,6885280.0,4.2,3 colors,xxl,women,2025-04-17T00:09:16.664951,False,top
Pants 562,3724160.0,4.5,3 colors,m,men,2025-04-17T00:09:19.402587,False,bottom
Outerwear 563,8197440.000000001,4.7,3 colors,l,women,2025-04-17T00:09:19.402679,False,other
Jacket 564,8319200.000000001,4.3,3 colors,xl,unisex,2025-04-17T00:09:19.402767,False,outer
Crewneck 565,7635200.0,3.5,3 colors,xxl,men,2025-04-17T00:09:19.402852,False,other
T-Shirt 566,2611360.0,4.6,3 colors,s,women,2025-04-17T00:09:19.402944,False,top
Hoodie 567,4576160.0,3.2,3 colors,m,unisex,2025-04-17T00:09:19.403031,False,other
Pants 568,2984160.0,3.3,3 colors,l,men,2025-04-17T00:09:19.403101,False,bottom
Outerwear 569,4966880.0,4.7,3 colors,xl,women,2025-04-17T00:09:19.403171,False,other
Jacket 570,4000960.0,3.9,3 colors,xxl,unisex,2025-04-17T00:09:19.403240,False,outer
T-Shirt 572,4756320.0,3.2,3 colors,m,women,2025-04-17T00:09:19.403379,False,top
Hoodie 573,6954080.0,4.5,3 colors,l,unisex,2025-04-17T00:09:19.403448,False,other
Pants 574,2424000.0,3.8,3 colors,xl,men,2025-04-17T00:09:19.403517,False,bottom
Outerwear 575,3517760.0,3.4,3 colors,xxl,women,2025-04-17T00:09:19.403585,False,other
Jacket 576,805600.0,3.5,3 colors,s,unisex,2025-04-17T00:09:19.403654,False,outer
Crewneck 577,7873920.0,3.3,3 colors,m,men,2025-04-17T00:09:19.403723,False,other
T-Shirt 578,7958880.0,4.1,3 colors,l,women,2025-04-17T00:09:19.403790,False,top
Hoodie 579,4428640.0,4.4,3 colors,xl,unisex,2025-04-17T00:09:19.403858,False,other
Pants 580,2625440.0,3.3,3 colors,xxl,men,2025-04-17T00:09:19.403927,False,bottom
Jacket 582,4112160.0,4.1,3 colors,m,unisex,2025-04-17T00:09:22.111988,False,outer
Crewneck 583,5737760.0,4.5,3 colors,l,men,2025-04-17T00:09:22.112064,False,other
T-Shirt 584,6964960.0,4.8,3 colors,xl,women,2025-04-17T00:09:22.112139,False,top
Hoodie 585,6186880.0,4.9,3 colors,xxl,unisex,2025-04-17T00:09:22.112209,False,other
Outerwear 587,4424960.0,4.4,3 colors,m,women,2025-04-17T00:09:22.112391,False,other
Jacket 588,4963040.0,4.7,3 colors,l,unisex,2025-04-17T00:09:22.112461,False,outer
Crewneck 589,931840.0,4.7,3 colors,xl,men,2025-04-17T00:09:22.112530,False,other
T-Shirt 590,6457120.0,3.9,3 colors,xxl,women,2025-04-17T00:09:22.112599,False,top
Pants 592,6805440.0,4.3,3 colors,m,men,2025-04-17T00:09:22.112738,False,bottom
Outerwear 593,7163840.0,3.9,3 colors,l,women,2025-04-17T00:09:22.112806,False,other
Jacket 594,8707680.0,4.2,3 colors,xl,unisex,2025-04-17T00:09:22.112874,False,outer
Crewneck 595,3723840.0,3.5,3 colors,xxl,men,2025-04-17T00:09:22.112943,False,other
T-Shirt 596,8290400.0,4.4,3 colors,s,women,2025-04-17T00:09:22.113011,False,top
Hoodie 597,7969440.0,3.3,3 colors,m,unisex,2025-04-17T00:09:22.113079,False,other
Pants 598,4714080.0,4.1,3 colors,l,men,2025-04-17T00:09:22.113154,False,bottom
Outerwear 599,1179040.0,3.3,3 colors,xl,women,2025-04-17T00:09:22.113223,False,other
Jacket 600,6414080.0,3.0,3 colors,xxl,unisex,2025-04-17T00:09:22.113290,False,outer
T-Shirt 602,2260960.0,4.4,3 colors,m,women,2025-04-17T00:09:24.942843,False,top
Hoodie 603,7511520.0,3.1,3 colors,l,unisex,2025-04-17T00:09:24.942934,False,other
Pants 604,7662240.0,4.3,3 colors,xl,men,2025-04-17T00:09:24.943021,False,bottom
Outerwear 605,1710720.0,3.7,3 colors,xxl,women,2025-04-17T00:09:24.943106,False,other
Jacket 606,5770720.0,4.6,3 colors,s,unisex,2025-04-17T00:09:24.943191,False,outer
Crewneck 607,3857600.0,3.1,3 colors,m,men,2025-04-17T00:09:24.943275,False,other
T-Shirt 608,7047840.0,4.6,3 colors,l,women,2025-04-17T00:09:24.943358,False,top
Hoodie 609,2956320.0,4.1,3 colors,xl,unisex,2025-04-17T00:09:24.943444,False,other
Pants 610,4515360.0,3.3,3 colors,xxl,men,2025-04-17T00:09:24.943527,False,bottom
Jacket 612,3202720.0,3.1,3 colors,m,unisex,2025-04-17T00:09:24.943669,False,outer
Crewneck 613,1013920.0,3.6,3 colors,l,men,2025-04-17T00:09:24.943738,False,other
T-Shirt 614,2428160.0,3.1,3 colors,xl,women,2025-04-17T00:09:24.943809,False,top
Hoodie 615,4798720.0,4.8,3 colors,xxl,unisex,2025-04-17T00:09:24.943877,False,other
Outerwear 617,1765920.0,4.3,3 colors,m,women,2025-04-17T00:09:24.944048,False,other
Jacket 618,6474080.0,3.3,3 colors,l,unisex,2025-04-17T00:09:24.944125,False,outer
Crewneck 619,8340639.999999999,4.4,3 colors,xl,men,2025-04-17T00:09:24.944193,False,other
T-Shirt 620,2270240.0,3.3,3 colors,xxl,women,2025-04-17T00:09:24.944262,False,top
Pants 622,4849600.0,3.5,3 colors,m,men,2025-04-17T00:09:27.656280,False,bottom
Outerwear 623,7299520.0,4.6,3 colors,l,women,2025-04-17T00:09:27.656353,False,other
Jacket 624,6943200.0,3.9,3 colors,xl,unisex,2025-04-17T00:09:27.656423,False,outer
Crewneck 625,7826400.0,4.1,3 colors,xxl,men,2025-04-17T00:09:27.656491,False,other
T-Shirt 626,7777440.0,4.5,3 colors,s,women,2025-04-17T00:09:27.656559,False,top
Hoodie 627,1232320.0,3.2,3 colors,m,unisex,2025-04-17T00:09:27.656628,False,other
Pants 628,8113120.0,4.3,3 colors,l,men,2025-04-17T00:09:27.656699,False,bottom
Outerwear 629,3997920.0,4.4,3 colors,xl,women,2025-04-17T00:09:27.656767,False,other
Jacket 630,1003680.0,3.8,3 colors,xxl,unisex,2025-04-17T00:09:27.656834,False,outer
T-Shirt 632,4314240.0,3.6,3 colors,m,women,2025-04-17T00:09:27.656970,False,top
Hoodie 633,3128000.0,3.1,3 colors,l,unisex,2025-04-17T00:09:27.657037,False,other
Pants 634,8535680.0,3.9,3 colors,xl,men,2025-04-17T00:09:27.657115,False,bottom
Outerwear 635,6897120.0,4.1,3 colors,xxl,women,2025-04-17T00:09:27.657182,False,other
Jacket 636,3476320.0,4.5,3 colors,s,unisex,2025-04-17T00:09:27.657258,False,outer
Crewneck 637,6030240.0,4.0,3 colors,m,men,2025-04-17T00:09:27.657326,False,other
T-Shirt 638,5220960.0,4.6,3 colors,l,women,2025-04-17T00:09:27.657393,False,top
Hoodie 639,6782720.0,4.7,3 colors,xl,unisex,2025-04-17T00:09:27.657460,False,other
Pants 640,3038560.0,3.8,3 colors,xxl,men,2025-04-17T00:09:27.657527,False,bottom
Jacket 642,7747360.0,4.7,3 colors,m,unisex,2025-04-17T00:09:30.358363,False,outer
Crewneck 643,6116000.0,3.2,3 colors,l,men,2025-04-17T00:09:30.358438,False,other
T-Shirt 644,7479360.0,4.2,3 colors,xl,women,2025-04-17T00:09:30.358511,False,top
Hoodie 645,3285440.0,3.3,3 colors,xxl,unisex,2025-04-17T00:09:30.358583,False,other
Outerwear 647,4304960.0,3.8,3 colors,m,women,2025-04-17T00:09:30.358761,False,other
Jacket 648,8699520.0,4.5,3 colors,l,unisex,2025-04-17T00:09:30.358832,False,outer
Crewneck 649,8588160.0,3.2,3 colors,xl,men,2025-04-17T00:09:30.358901,False,other
T-Shirt 650,8012800.0,3.4,3 colors,xxl,women,2025-04-17T00:09:30.358969,False,top
Pants 652,6084960.0,3.3,3 colors,m,men,2025-04-17T00:09:30.359109,False,bottom
Outerwear 653,2622080.0,4.0,3 colors,l,women,2025-04-17T00:09:30.359184,False,other
Jacket 654,4089440.0,4.7,3 colors,xl,unisex,2025-04-17T00:09:30.359251,False,outer
Crewneck 655,1834240.0,4.1,3 colors,xxl,men,2025-04-17T00:09:30.359318,False,other
T-Shirt 656,2538720.0,4.2,3 colors,s,women,2025-04-17T00:09:30.359385,False,top
Hoodie 657,8459040.0,4.8,3 colors,m,unisex,2025-04-17T00:09:30.359459,False,other
Pants 658,6268320.0,3.8,3 colors,l,men,2025-04-17T00:09:30.359528,False,bottom
Outerwear 659,1817920.0,3.3,3 colors,xl,women,2025-04-17T00:09:30.359597,False,other
Jacket 660,8715200.0,3.5,3 colors,xxl,unisex,2025-04-17T00:09:30.359682,False,outer
T-Shirt 662,1422720.0,4.5,3 colors,m,women,2025-04-17T00:09:33.050353,False,top
Hoodie 663,7087200.0,4.0,3 colors,l,unisex,2025-04-17T00:09:33.050445,False,other
Pants 664,8248639.999999999,3.5,3 colors,xl,men,2025-04-17T00:09:33.050532,False,bottom
Outerwear 665,4033600.0,3.2,3 colors,xxl,women,2025-04-17T00:09:33.050617,False,other
Jacket 666,4844000.0,3.9,3 colors,s,unisex,2025-04-17T00:09:33.050700,False,outer
Crewneck 667,1756640.0,3.7,3 colors,m,men,2025-04-17T00:09:33.050777,False,other
T-Shirt 668,5044640.0,3.7,3 colors,l,women,2025-04-17T00:09:33.050870,False,top
Hoodie 669,2346080.0,3.3,3 colors,xl,unisex,2025-04-17T00:09:33.050939,False,other
Pants 670,8406720.0,4.8,3 colors,xxl,men,2025-04-17T00:09:33.051009,False,bottom
Jacket 672,4776160.0,4.5,3 colors,m,unisex,2025-04-17T00:09:33.051151,False,outer
Crewneck 673,2803360.0,4.7,3 colors,l,men,2025-04-17T00:09:33.051219,False,other
T-Shirt 674,3156640.0,3.1,3 colors,xl,women,2025-04-17T00:09:33.051302,False,top
Hoodie 675,4314880.0,3.2,3 colors,xxl,unisex,2025-04-17T00:09:33.051379,False,other
Outerwear 677,4657440.0,3.3,3 colors,m,women,2025-04-17T00:09:33.051593,False,other
Jacket 678,2777120.0,4.3,3 colors,l,unisex,2025-04-17T00:09:33.051664,False,outer
Crewneck 679,6373120.0,3.2,3 colors,xl,men,2025-04-17T00:09:33.051732,False,other
T-Shirt 680,8164800.0,3.2,3 colors,xxl,women,2025-04-17T00:09:33.051800,False,top
Pants 682,7616480.0,3.9,3 colors,m,men,2025-04-17T00:09:35.763038,False,bottom
Outerwear 683,3907360.0,3.6,3 colors,l,women,2025-04-17T00:09:35.763131,False,other
Jacket 684,7102560.0,3.5,3 colors,xl,unisex,2025-04-17T00:09:35.763218,False,outer
Crewneck 685,1495840.0,4.6,3 colors,xxl,men,2025-04-17T00:09:35.763305,False,other
T-Shirt 686,5381760.0,3.8,3 colors,s,women,2025-04-17T00:09:35.763391,False,top
Hoodie 687,4220800.0,4.7,3 colors,m,unisex,2025-04-17T00:09:35.763471,False,other
Pants 688,1487520.0,4.4,3 colors,l,men,2025-04-17T00:09:35.763541,False,bottom
Outerwear 689,1939040.0,4.6,3 colors,xl,women,2025-04-17T00:09:35.763611,False,other
Jacket 690,8782560.0,4.7,3 colors,xxl,unisex,2025-04-17T00:09:35.763680,False,outer
T-Shirt 692,1416480.0,4.1,3 colors,m,women,2025-04-17T00:09:35.763824,False,top
Hoodie 693,3031680.0,4.1,3 colors,l,unisex,2025-04-17T00:09:35.763893,False,other
Pants 694,2466720.0,3.4,3 colors,xl,men,2025-04-17T00:09:35.763963,False,bottom
Outerwear 695,959360.0,3.3,3 colors,xxl,women,2025-04-17T00:09:35.764049,False,other
Jacket 696,5146240.0,4.2,3 colors,s,unisex,2025-04-17T00:09:35.764123,False,outer
Crewneck 697,6545120.0,5.0,3 colors,m,men,2025-04-17T00:09:35.764192,False,other
T-Shirt 698,2444960.0,4.1,3 colors,l,women,2025-04-17T00:09:35.764260,False,top
Hoodie 699,5250240.0,4.5,3 colors,xl,unisex,2025-04-17T00:09:35.764328,False,other
Pants 700,3526560.0,4.3,3 colors,xxl,men,2025-04-17T00:09:35.764412,False,bottom
Jacket 702,4927680.0,4.3,3 colors,m,unisex,2025-04-17T00:09:38.482534,False,outer
Crewneck 703,2949120.0,4.2,3 colors,l,men,2025-04-17T00:09:38.482611,False,other
T-Shirt 704,6214240.0,4.1,3 colors,xl,women,2025-04-17T00:09:38.482685,False,top
Hoodie 705,3042880.0,3.1,3 colors,xxl,unisex,2025-04-17T00:09:38.482756,False,other
Outerwear 707,7746240.0,4.4,3 colors,m,women,2025-04-17T00:09:38.482930,False,other
Jacket 708,8541280.0,4.3,3 colors,l,unisex,2025-04-17T00:09:38.483001,False,outer
Crewneck 709,7022400.0,3.9,3 colors,xl,men,2025-04-17T00:09:38.483069,False,other
T-Shirt 710,3751520.0,3.2,3 colors,xxl,women,2025-04-17T00:09:38.483138,False,top
Pants 712,1510400.0,4.1,3 colors,m,men,2025-04-17T00:09:38.483279,False,bottom
Outerwear 713,3142880.0,4.4,3 colors,l,women,2025-04-17T00:09:38.483349,False,other
Jacket 714,892320.0,3.1,3 colors,xl,unisex,2025-04-17T00:09:38.483418,False,outer
Crewneck 715,7021760.0,3.9,3 colors,xxl,men,2025-04-17T00:09:38.483488,False,other
T-Shirt 716,3602560.0,4.9,3 colors,s,women,2025-04-17T00:09:38.483557,False,top
Hoodie 717,1532800.0,3.6,3 colors,m,unisex,2025-04-17T00:09:38.483626,False,other
Pants 718,4057120.0,3.2,3 colors,l,men,2025-04-17T00:09:38.483694,False,bottom
Outerwear 719,3172960.0,4.7,3 colors,xl,women,2025-04-17T00:09:38.483763,False,other
Jacket 720,2028320.0,3.8,3 colors,xxl,unisex,2025-04-17T00:09:38.483831,False,outer
T-Shirt 722,8724320.0,3.2,3 colors,m,women,2025-04-17T00:09:41.203331,False,top
Hoodie 723,5664800.0,3.4,3 colors,l,unisex,2025-04-17T00:09:41.203406,False,other
Pants 724,4824800.0,4.7,3 colors,xl,men,2025-04-17T00:09:41.203482,False,bottom
Outerwear 725,4979200.0,3.0,3 colors,xxl,women,2025-04-17T00:09:41.203555,False,other
Jacket 726,6345920.0,3.5,3 colors,s,unisex,2025-04-17T00:09:41.203627,False,outer
Crewneck 727,4024000.0,4.8,3 colors,m,men,2025-04-17T00:09:41.203699,False,other
T-Shirt 728,8173440.0,3.0,3 colors,l,women,2025-04-17T00:09:41.203769,False,top
Hoodie 729,6431360.0,3.6,3 colors,xl,unisex,2025-04-17T00:09:41.203839,False,other
Pants 730,7228800.0,4.5,3 colors,xxl,men,2025-04-17T00:09:41.203909,False,bottom
Jacket 732,6597600.0,3.9,3 colors,m,unisex,2025-04-17T00:09:41.204049,False,outer
Crewneck 733,1162880.0,4.7,3 colors,l,men,2025-04-17T00:09:41.204117,False,other
T-Shirt 734,6858560.0,4.2,3 colors,xl,women,2025-04-17T00:09:41.204186,False,top
Hoodie 735,4664320.0,4.0,3 colors,xxl,unisex,2025-04-17T00:09:41.204254,False,other
Outerwear 737,1015680.0,4.7,3 colors,m,women,2025-04-17T00:09:41.204437,False,other
Jacket 738,1893920.0,3.7,3 colors,l,unisex,2025-04-17T00:09:41.204509,False,outer
Crewneck 739,8072960.0,3.3,3 colors,xl,men,2025-04-17T00:09:41.204583,False,other
T-Shirt 740,7016640.0,3.4,3 colors,xxl,women,2025-04-17T00:09:41.204655,False,top
Pants 742,5626080.0,3.6,3 colors,m,men,2025-04-17T00:09:43.895957,False,bottom
Outerwear 743,5678080.0,3.0,3 colors,l,women,2025-04-17T00:09:43.896050,False,other
Jacket 744,5175680.0,4.1,3 colors,xl,unisex,2025-04-17T00:09:43.896138,False,outer
Crewneck 745,2882560.0,3.8,3 colors,xxl,men,2025-04-17T00:09:43.896218,False,other
T-Shirt 746,1517440.0,5.0,3 colors,s,women,2025-04-17T00:09:43.896290,False,top
Hoodie 747,6326880.0,4.7,3 colors,m,unisex,2025-04-17T00:09:43.896361,False,other
Pants 748,3134080.0,3.7,3 colors,l,men,2025-04-17T00:09:43.896430,False,bottom
Outerwear 749,2627360.0,3.2,3 colors,xl,women,2025-04-17T00:09:43.896498,False,other
Jacket 750,1030400.0000000001,3.7,3 colors,xxl,unisex,2025-04-17T00:09:43.896567,False,outer
T-Shirt 752,7431520.0,3.8,3 colors,m,women,2025-04-17T00:09:43.896705,False,top
Hoodie 753,8137600.0,4.8,3 colors,l,unisex,2025-04-17T00:09:43.896773,False,other
Pants 754,7229760.0,3.1,3 colors,xl,men,2025-04-17T00:09:43.896841,False,bottom
Outerwear 755,6910400.0,4.6,3 colors,xxl,women,2025-04-17T00:09:43.896909,False,other
Jacket 756,7128000.0,3.1,3 colors,s,unisex,2025-04-17T00:09:43.896978,False,outer
Crewneck 757,7582720.0,4.4,3 colors,m,men,2025-04-17T00:09:43.897047,False,other
T-Shirt 758,6025920.0,3.1,3 colors,l,women,2025-04-17T00:09:43.897115,False,top
Hoodie 759,2779840.0,4.7,3 colors,xl,unisex,2025-04-17T00:09:43.897184,False,other
Pants 760,2191040.0,4.1,3 colors,xxl,men,2025-04-17T00:09:43.897252,False,bottom
Jacket 762,4091840.0,4.9,3 colors,m,unisex,2025-04-17T00:09:46.603263,False,outer
Crewneck 763,5792640.0,3.9,3 colors,l,men,2025-04-17T00:09:46.603339,False,other
T-Shirt 764,7211680.0,3.4,3 colors,xl,women,2025-04-17T00:09:46.603412,False,top
Hoodie 765,1343360.0,4.9,3 colors,xxl,unisex,2025-04-17T00:09:46.603482,False,other
Outerwear 767,4152800.0,4.5,3 colors,m,women,2025-04-17T00:09:46.603664,False,other
Jacket 768,5662080.0,4.9,3 colors,l,unisex,2025-04-17T00:09:46.603735,False,outer
Crewneck 769,6294560.0,3.3,3 colors,xl,men,2025-04-17T00:09:46.603804,False,other
T-Shirt 770,1655040.0,3.5,3 colors,xxl,women,2025-04-17T00:09:46.603873,False,top
Pants 772,8748160.0,3.4,3 colors,m,men,2025-04-17T00:09:46.604012,False,bottom
Outerwear 773,3393600.0,3.2,3 colors,l,women,2025-04-17T00:09:46.604082,False,other
Jacket 774,1485760.0,4.1,3 colors,xl,unisex,2025-04-17T00:09:46.604151,False,outer
Crewneck 775,8189440.0,3.1,3 colors,xxl,men,2025-04-17T00:09:46.604220,False,other
T-Shirt 776,5333120.0,3.7,3 colors,s,women,2025-04-17T00:09:46.604295,False,top
Hoodie 777,6104800.0,3.4,3 colors,m,unisex,2025-04-17T00:09:46.604363,False,other
Pants 778,6034720.0,4.2,3 colors,l,men,2025-04-17T00:09:46.604432,False,bottom
Outerwear 779,5816480.0,3.2,3 colors,xl,women,2025-04-17T00:09:46.604500,False,other
Jacket 780,2767520.0,3.4,3 colors,xxl,unisex,2025-04-17T00:09:46.604573,False,outer
T-Shirt 782,4117439.9999999995,4.5,3 colors,m,women,2025-04-17T00:09:49.308084,False,top
Hoodie 783,2510720.0,3.0,3 colors,l,unisex,2025-04-17T00:09:49.308175,False,other
Pants 784,5341280.0,3.0,3 colors,xl,men,2025-04-17T00:09:49.308261,False,bottom
Outerwear 785,6444480.0,4.3,3 colors,xxl,women,2025-04-17T00:09:49.308346,False,other
Jacket 786,6749280.0,5.0,3 colors,s,unisex,2025-04-17T00:09:49.308429,False,outer
Crewneck 787,4593600.0,4.7,3 colors,m,men,2025-04-17T00:09:49.308512,False,other
T-Shirt 788,3041120.0,4.7,3 colors,l,women,2025-04-17T00:09:49.308597,False,top
Hoodie 789,2153280.0,4.0,3 colors,xl,unisex,2025-04-17T00:09:49.308680,False,other
Pants 790,1708320.0,3.2,3 colors,xxl,men,2025-04-17T00:09:49.308764,False,bottom
Jacket 792,4068960.0,3.8,3 colors,m,unisex,2025-04-17T00:09:49.308911,False,outer
Crewneck 793,8650080.0,4.0,3 colors,l,men,2025-04-17T00:09:49.308979,False,other
T-Shirt 794,5983040.0,4.0,3 colors,xl,women,2025-04-17T00:09:49.309046,False,top
Hoodie 795,4209600.0,3.9,3 colors,xxl,unisex,2025-04-17T00:09:49.309114,False,other
Outerwear 797,2771360.0,4.9,3 colors,m,women,2025-04-17T00:09:49.309287,False,other
Jacket 798,4391040.0,3.4,3 colors,l,unisex,2025-04-17T00:09:49.309356,False,outer
Crewneck 799,4048800.0,4.2,3 colors,xl,men,2025-04-17T00:09:49.309424,False,other
T-Shirt 800,7433280.0,4.6,3 colors,xxl,women,2025-04-17T00:09:49.309493,False,top
Pants 802,5710240.0,4.4,3 colors,m,men,2025-04-17T00:09:52.028883,False,bottom
Outerwear 803,1875360.0,4.3,3 colors,l,women,2025-04-17T00:09:52.028959,False,other
Jacket 804,4459040.0,3.9,3 colors,xl,unisex,2025-04-17T00:09:52.029032,False,outer
Crewneck 805,3266720.0,4.8,3 colors,xxl,men,2025-04-17T00:09:52.029103,False,other
T-Shirt 806,7310560.0,3.0,3 colors,s,women,2025-04-17T00:09:52.029173,False,top
Hoodie 807,5016000.0,4.7,3 colors,m,unisex,2025-04-17T00:09:52.029242,False,other
Pants 808,8717760.0,3.2,3 colors,l,men,2025-04-17T00:09:52.029310,False,bottom
Outerwear 809,7162560.0,3.7,3 colors,xl,women,2025-04-17T00:09:52.029379,False,other
Jacket 810,3796640.0,4.8,3 colors,xxl,unisex,2025-04-17T00:09:52.029447,False,outer
T-Shirt 812,6406080.0,4.2,3 colors,m,women,2025-04-17T00:09:52.029586,False,top
Hoodie 813,4872800.0,5.0,3 colors,l,unisex,2025-04-17T00:09:52.029686,False,other
Pants 814,1110080.0,4.7,3 colors,xl,men,2025-04-17T00:09:52.029756,False,bottom
Outerwear 815,5985440.0,4.8,3 colors,xxl,women,2025-04-17T00:09:52.029825,False,other
Jacket 816,1649120.0,4.5,3 colors,s,unisex,2025-04-17T00:09:52.029908,False,outer
Crewneck 817,8744160.0,4.4,3 colors,m,men,2025-04-17T00:09:52.029977,False,other
T-Shirt 818,5160320.0,3.8,3 colors,l,women,2025-04-17T00:09:52.030045,False,top
Hoodie 819,4742400.0,4.7,3 colors,xl,unisex,2025-04-17T00:09:52.030113,False,other
Pants 820,6030720.0,3.4,3 colors,xxl,men,2025-04-17T00:09:52.030181,False,bottom
Jacket 822,838240.0,4.2,3 colors,m,unisex,2025-04-17T00:09:54.732601,False,outer
Crewneck 823,6103520.0,4.7,3 colors,l,men,2025-04-17T00:09:54.732675,False,other
T-Shirt 824,3301440.0,4.1,3 colors,xl,women,2025-04-17T00:09:54.732746,False,top
Hoodie 825,1058400.0,3.8,3 colors,xxl,unisex,2025-04-17T00:09:54.732816,False,other
Outerwear 827,7091040.0,4.8,3 colors,m,women,2025-04-17T00:09:54.732998,False,other
Jacket 828,2324000.0,4.6,3 colors,l,unisex,2025-04-17T00:09:54.733070,False,outer
Crewneck 829,4630400.0,4.4,3 colors,xl,men,2025-04-17T00:09:54.733140,False,other
T-Shirt 830,4496480.0,3.0,3 colors,xxl,women,2025-04-17T00:09:54.733209,False,top
Pants 832,3955360.0,4.6,3 colors,m,men,2025-04-17T00:09:54.733348,False,bottom
Outerwear 833,7101280.0,3.0,3 colors,l,women,2025-04-17T00:09:54.733417,False,other
Jacket 834,7223680.0,3.1,3 colors,xl,unisex,2025-04-17T00:09:54.733485,False,outer
Crewneck 835,7143360.0,3.9,3 colors,xxl,men,2025-04-17T00:09:54.733552,False,other
T-Shirt 836,6065440.0,4.1,3 colors,s,women,2025-04-17T00:09:54.733620,False,top
Hoodie 837,5532640.0,5.0,3 colors,m,unisex,2025-04-17T00:09:54.733698,False,other
Pants 838,2848800.0,3.1,3 colors,l,men,2025-04-17T00:09:54.733766,False,bottom
Outerwear 839,4208320.0,3.9,3 colors,xl,women,2025-04-17T00:09:54.733833,False,other
Jacket 840,8164640.0,3.6,3 colors,xxl,unisex,2025-04-17T00:09:54.733901,False,outer
T-Shirt 842,2859040.0,3.3,3 colors,m,women,2025-04-17T00:09:57.446797,False,top
Hoodie 843,2997120.0,3.6,3 colors,l,unisex,2025-04-17T00:09:57.446888,False,other
Pants 844,7422880.0,3.9,3 colors,xl,men,2025-04-17T00:09:57.446964,False,bottom
Outerwear 845,2023200.0,3.2,3 colors,xxl,women,2025-04-17T00:09:57.447035,False,other
Jacket 846,7480480.0,3.6,3 colors,s,unisex,2025-04-17T00:09:57.447105,False,outer
Crewneck 847,4789920.0,3.7,3 colors,m,men,2025-04-17T00:09:57.447174,False,other
T-Shirt 848,6134240.0,4.1,3 colors,l,women,2025-04-17T00:09:57.447249,False,top
Hoodie 849,7816160.0,3.5,3 colors,xl,unisex,2025-04-17T00:09:57.447319,False,other
Pants 850,4144160.0,4.2,3 colors,xxl,men,2025-04-17T00:09:57.447389,False,bottom
Jacket 852,2777280.0,4.1,3 colors,m,unisex,2025-04-17T00:09:57.447527,False,outer
Crewneck 853,2643840.0,3.4,3 colors,l,men,2025-04-17T00:09:57.447596,False,other
T-Shirt 854,1600000.0,4.5,3 colors,xl,women,2025-04-17T00:09:57.447667,False,top
Hoodie 855,3249760.0,5.0,3 colors,xxl,unisex,2025-04-17T00:09:57.447743,False,other
Outerwear 857,4532800.0,3.0,3 colors,m,women,2025-04-17T00:09:57.447919,False,other
Jacket 858,3748640.0,3.7,3 colors,l,unisex,2025-04-17T00:09:57.447989,False,outer
Crewneck 859,6418560.0,3.0,3 colors,xl,men,2025-04-17T00:09:57.448058,False,other
T-Shirt 860,2419360.0,4.7,3 colors,xxl,women,2025-04-17T00:09:57.448126,False,top
Pants 862,4131359.9999999995,3.3,3 colors,m,men,2025-04-17T00:10:00.115933,False,bottom
Outerwear 863,1071360.0,4.0,3 colors,l,women,2025-04-17T00:10:00.116008,False,other
Jacket 864,2168000.0,4.5,3 colors,xl,unisex,2025-04-17T00:10:00.116079,False,outer
Crewneck 865,6805120.0,3.9,3 colors,xxl,men,2025-04-17T00:10:00.116149,False,other
T-Shirt 866,2399040.0,3.2,3 colors,s,women,2025-04-17T00:10:00.116219,False,top
Hoodie 867,1303840.0,3.3,3 colors,m,unisex,2025-04-17T00:10:00.116292,False,other
Pants 868,7473760.0,4.6,3 colors,l,men,2025-04-17T00:10:00.116363,False,bottom
Outerwear 869,6040320.0,4.5,3 colors,xl,women,2025-04-17T00:10:00.116432,False,other
Jacket 870,6395040.0,3.5,3 colors,xxl,unisex,2025-04-17T00:10:00.116500,False,outer
T-Shirt 872,1343680.0,4.3,3 colors,m,women,2025-04-17T00:10:00.116639,False,top
Hoodie 873,8321600.0,4.8,3 colors,l,unisex,2025-04-17T00:10:00.116706,False,other
Pants 874,2755200.0,4.4,3 colors,xl,men,2025-04-17T00:10:00.116775,False,bottom
Outerwear 875,2506720.0,4.6,3 colors,xxl,women,2025-04-17T00:10:00.116843,False,other
Jacket 876,3225760.0,4.6,3 colors,s,unisex,2025-04-17T00:10:00.116912,False,outer
Crewneck 877,4552640.0,4.6,3 colors,m,men,2025-04-17T00:10:00.116980,False,other
T-Shirt 878,4809760.0,4.7,3 colors,l,women,2025-04-17T00:10:00.117049,False,top
Hoodie 879,1026880.0000000001,3.1,3 colors,xl,unisex,2025-04-17T00:10:00.117117,False,other
Pants 880,6497760.0,4.3,3 colors,xxl,men,2025-04-17T00:10:00.117193,False,bottom
Jacket 882,6420960.0,3.3,3 colors,m,unisex,2025-04-17T00:10:02.794546,False,outer
Crewneck 883,5901120.0,3.6,3 colors,l,men,2025-04-17T00:10:02.794621,False,other
T-Shirt 884,7414720.0,4.3,3 colors,xl,women,2025-04-17T00:10:02.794692,False,top
Hoodie 885,4760640.0,3.4,3 colors,xxl,unisex,2025-04-17T00:10:02.794768,False,other
Outerwear 887,7806400.0,3.8,3 colors,m,women,2025-04-17T00:10:02.794951,False,other
Jacket 888,7869280.0,4.2,3 colors,l,unisex,2025-04-17T00:10:02.795021,False,outer
Crewneck 889,6333920.0,4.6,3 colors,xl,men,2025-04-17T00:10:02.795090,False,other
T-Shirt 890,6439040.0,4.7,3 colors,xxl,women,2025-04-17T00:10:02.795159,False,top
Pants 892,8515360.0,4.4,3 colors,m,men,2025-04-17T00:10:02.795297,False,bottom
Outerwear 893,2673600.0,3.2,3 colors,l,women,2025-04-17T00:10:02.795366,False,other
Jacket 894,2946560.0,4.8,3 colors,xl,unisex,2025-04-17T00:10:02.795435,False,outer
Crewneck 895,1126720.0,4.3,3 colors,xxl,men,2025-04-17T00:10:02.795504,False,other
T-Shirt 896,7873760.0,4.9,3 colors,s,women,2025-04-17T00:10:02.795573,False,top
Hoodie 897,6077920.0,3.1,3 colors,m,unisex,2025-04-17T00:10:02.795641,False,other
Pants 898,8408640.0,4.1,3 colors,l,men,2025-04-17T00:10:02.795710,False,bottom
Outerwear 899,6192960.0,4.8,3 colors,xl,women,2025-04-17T00:10:02.795781,False,other
Jacket 900,7214240.0,3.3,3 colors,xxl,unisex,2025-04-17T00:10:02.795856,False,outer
T-Shirt 902,3164000.0,3.6,3 colors,m,women,2025-04-17T00:10:05.494331,False,top
Hoodie 903,2617920.0,4.1,3 colors,l,unisex,2025-04-17T00:10:05.494423,False,other
Pants 904,3356320.0,3.9,3 colors,xl,men,2025-04-17T00:10:05.494510,False,bottom
Outerwear 905,5027840.0,4.9,3 colors,xxl,women,2025-04-17T00:10:05.494595,False,other
Jacket 906,4301760.0,3.9,3 colors,s,unisex,2025-04-17T00:10:05.494680,False,outer
Crewneck 907,8732640.0,4.9,3 colors,m,men,2025-04-17T00:10:05.494764,False,other
T-Shirt 908,7954880.0,4.2,3 colors,l,women,2025-04-17T00:10:05.494847,False,top
Hoodie 909,8383840.0,3.6,3 colors,xl,unisex,2025-04-17T00:10:05.494930,False,other
Pants 910,2395200.0,4.7,3 colors,xxl,men,2025-04-17T00:10:05.495008,False,bottom
Jacket 912,7853280.0,4.9,3 colors,m,unisex,2025-04-17T00:10:05.495147,False,outer
Crewneck 913,3222240.0,3.5,3 colors,l,men,2025-04-17T00:10:05.495215,False,other
T-Shirt 914,5799200.0,4.6,3 colors,xl,women,2025-04-17T00:10:05.495283,False,top
Hoodie 915,2649120.0,4.2,3 colors,xxl,unisex,2025-04-17T00:10:05.495350,False,other
Outerwear 917,6061600.0,4.0,3 colors,m,women,2025-04-17T00:10:05.495536,False,other
Jacket 918,5380800.0,3.3,3 colors,l,unisex,2025-04-17T00:10:05.495607,False,outer
Crewneck 919,8364000.0,4.7,3 colors,xl,men,2025-04-17T00:10:05.495676,False,other
T-Shirt 920,3706080.0,3.2,3 colors,xxl,women,2025-04-17T00:10:05.495744,False,top
Pants 922,1210880.0,4.4,3 colors,m,men,2025-04-17T00:10:08.409634,False,bottom
Outerwear 923,2435840.0,3.7,3 colors,l,women,2025-04-17T00:10:08.409710,False,other
Jacket 924,3764320.0,3.8,3 colors,xl,unisex,2025-04-17T00:10:08.409783,False,outer
Crewneck 925,7900800.0,4.5,3 colors,xxl,men,2025-04-17T00:10:08.409866,False,other
T-Shirt 926,1911040.0,4.6,3 colors,s,women,2025-04-17T00:10:08.409943,False,top
Hoodie 927,7706400.0,3.5,3 colors,m,unisex,2025-04-17T00:10:08.410013,False,other
Pants 928,3911680.0,3.4,3 colors,l,men,2025-04-17T00:10:08.410082,False,bottom
Outerwear 929,1253440.0,3.3,3 colors,xl,women,2025-04-17T00:10:08.410152,False,other
Jacket 930,1741120.0,4.9,3 colors,xxl,unisex,2025-04-17T00:10:08.410226,False,outer
T-Shirt 932,5937600.0,4.2,3 colors,m,women,2025-04-17T00:10:08.410368,False,top
Hoodie 933,4960800.0,3.4,3 colors,l,unisex,2025-04-17T00:10:08.410444,False,other
Pants 934,2248160.0,3.6,3 colors,xl,men,2025-04-17T00:10:08.410524,False,bottom
Outerwear 935,6048000.0,4.1,3 colors,xxl,women,2025-04-17T00:10:08.410593,False,other
Jacket 936,6165440.0,3.1,3 colors,s,unisex,2025-04-17T00:10:08.410663,False,outer
Crewneck 937,2475360.0,4.1,3 colors,m,men,2025-04-17T00:10:08.410731,False,other
T-Shirt 938,4058400.0,3.6,3 colors,l,women,2025-04-17T00:10:08.410799,False,top
Hoodie 939,4466080.0,4.8,3 colors,xl,unisex,2025-04-17T00:10:08.410879,False,other
Pants 940,5776000.0,3.7,3 colors,xxl,men,2025-04-17T00:10:08.410953,False,bottom
Jacket 942,7972960.0,3.0,3 colors,m,unisex,2025-04-17T00:10:11.120153,False,outer
Crewneck 943,4571040.0,4.4,3 colors,l,men,2025-04-17T00:10:11.120229,False,other
T-Shirt 944,1578240.0,4.6,3 colors,xl,women,2025-04-17T00:10:11.120303,False,top
Hoodie 945,2107680.0,4.2,3 colors,xxl,unisex,2025-04-17T00:10:11.120374,False,other
Outerwear 947,7079680.0,4.6,3 colors,m,women,2025-04-17T00:10:11.120560,False,other
Jacket 948,4600480.0,3.9,3 colors,l,unisex,2025-04-17T00:10:11.120634,False,outer
Crewneck 949,1844320.0,4.4,3 colors,xl,men,2025-04-17T00:10:11.120704,False,other
T-Shirt 950,7691680.0,4.9,3 colors,xxl,women,2025-04-17T00:10:11.120774,False,top
Pants 952,7155040.0,3.7,3 colors,m,men,2025-04-17T00:10:11.120913,False,bottom
Outerwear 953,8423200.0,3.8,3 colors,l,women,2025-04-17T00:10:11.120981,False,other
Jacket 954,3878720.0,4.1,3 colors,xl,unisex,2025-04-17T00:10:11.121049,False,outer
Crewneck 955,7006560.0,4.7,3 colors,xxl,men,2025-04-17T00:10:11.121128,False,other
T-Shirt 956,4457600.0,3.1,3 colors,s,women,2025-04-17T00:10:11.121196,False,top
Hoodie 957,4024320.0,4.4,3 colors,m,unisex,2025-04-17T00:10:11.121264,False,other
Pants 958,3946240.0,4.8,3 colors,l,men,2025-04-17T00:10:11.121334,False,bottom
Outerwear 959,6828480.0,4.6,3 colors,xl,women,2025-04-17T00:10:11.121408,False,other
Jacket 960,5840160.0,4.5,3 colors,xxl,unisex,2025-04-17T00:10:11.121476,False,outer
T-Shirt 962,2887840.0,4.1,3 colors,m,women,2025-04-17T00:10:13.878033,False,top
Hoodie 963,7916160.0,4.6,3 colors,l,unisex,2025-04-17T00:10:13.878109,False,other
Pants 964,3885280.0,3.3,3 colors,xl,men,2025-04-17T00:10:13.878184,False,bottom
Outerwear 965,3107200.0,4.5,3 colors,xxl,women,2025-04-17T00:10:13.878255,False,other
Jacket 966,8499520.0,4.9,3 colors,s,unisex,2025-04-17T00:10:13.878323,False,outer
Crewneck 967,1744000.0,3.5,3 colors,m,men,2025-04-17T00:10:13.878392,False,other
T-Shirt 968,4045120.0,4.4,3 colors,l,women,2025-04-17T00:10:13.878460,False,top
Hoodie 969,4231840.0,3.8,3 colors,xl,unisex,2025-04-17T00:10:13.878538,False,other
Pants 970,952960.0,4.6,3 colors,xxl,men,2025-04-17T00:10:13.878621,False,bottom
Jacket 972,7272000.0,4.4,3 colors,m,unisex,2025-04-17T00:10:13.878759,False,outer
Crewneck 973,7134400.0,3.9,3 colors,l,men,2025-04-17T00:10:13.878827,False,other
T-Shirt 974,4769280.0,3.0,3 colors,xl,women,2025-04-17T00:10:13.878895,False,top
Hoodie 975,4816000.0,3.6,3 colors,xxl,unisex,2025-04-17T00:10:13.878963,False,other
Outerwear 977,3356000.0,3.6,3 colors,m,women,2025-04-17T00:10:13.879161,False,other
Jacket 978,3918240.0,3.6,3 colors,l,unisex,2025-04-17T00:10:13.879231,False,outer
Crewneck 979,4848480.0,3.4,3 colors,xl,men,2025-04-17T00:10:13.879299,False,other
T-Shirt 980,6544000.0,3.1,3 colors,xxl,women,2025-04-17T00:10:13.879367,False,top
Pants 982,7281760.0,4.9,3 colors,m,men,2025-04-17T00:10:16.583269,False,bottom
Outerwear 983,5762560.0,3.2,3 colors,l,women,2025-04-17T00:10:16.583363,False,other
Jacket 984,7349440.0,3.8,3 colors,xl,unisex,2025-04-17T00:10:16.583452,False,outer
Crewneck 985,6236000.0,4.3,3 colors,xxl,men,2025-04-17T00:10:16.583539,False,other
T-Shirt 986,6713760.0,4.5,3 colors,s,women,2025-04-17T00:10:16.583626,False,top
Hoodie 987,4008000.0,4.7,3 colors,m,unisex,2025-04-17T00:10:16.583711,False,other
Pants 988,2054239.9999999998,3.5,3 colors,l,men,2025-04-17T00:10:16.583801,False,bottom
Outerwear 989,6869440.0,4.2,3 colors,xl,women,2025-04-17T00:10:16.583885,False,other
Jacket 990,3327360.0,4.2,3 colors,xxl,unisex,2025-04-17T00:10:16.583968,False,outer
T-Shirt 992,4840480.0,4.9,3 colors,m,women,2025-04-17T00:10:16.584106,False,top
Hoodie 993,6361920.0,3.4,3 colors,l,unisex,2025-04-17T00:10:16.584174,False,other
Pants 994,1693760.0,4.4,3 colors,xl,men,2025-04-17T00:10:16.584243,False,bottom
Outerwear 995,8046720.0,3.2,3 colors,xxl,women,2025-04-17T00:10:16.584312,False,other
Jacket 996,6942400.0,4.3,3 colors,s,unisex,2025-04-17T00:10:16.584380,False,outer
Crewneck 997,5321280.0,3.9,3 colors,m,men,2025-04-17T00:10:16.584448,False,other
T-Shirt 998,908000.0,4.2,3 colors,l,women,2025-04-17T00:10:16.584516,False,top
Hoodie 999,8534240.0,4.8,3 colors,xl,unisex,2025-04-17T00:10:16.584584,False,other
Pants 1000,2938240.0,4.7,3 colors,xxl,men,2025-04-17T00:10:16.584652,False,bottom
